{"cameraMode":{"drawMode":0,"name":"Shaded","section":"Shading Mode"},"sceneLighting":false,"audioPlay":false,"sceneViewState":{"showFog":true,"showMaterialUpdate":false,"showSkybox":false,"showFlares":true,"showImageEffects":true,"showParticleSystems":true},"in2DMode":false,"pivot":{"x":-8.487720489501954,"y":1.0141260623931885,"z":-13.894624710083008},"rotation":{"x":-0.21496494114398957,"y":-0.1502033770084381,"z":0.033481039106845859,"w":-0.9644240140914917},"size":5.715766906738281,"orthographic":false}